training_duration,rpe,sleep_hours,prev_injuries,sprint_distance,avg_hr,injury
32.85923491748597,2,7.985054343729455,0,660.5770087306959,169.10269727899794,0
84.93363616458964,3,5.708262968041096,0,456.3520059615607,153.87725156927127,0
67.07446245129981,8,8.50828340894834,1,582.1319825144853,158.56555209401,0
22.3426321520477,9,8.332357262895794,1,289.9389301308962,129.81575395577624,0
45.53499370078659,5,7.726665491254199,0,238.7805270839885,139.4659145907466,0
101.28591342742878,2,6.622132585796736,0,178.4498729755526,126.26045456233669,0
10.0,5,6.0530033263820195,0,421.1020082774521,141.50976869340806,0
49.27718427859557,2,6.52546834238843,1,161.46472685952747,149.784964824979,0
91.64840646763835,5,8.384478575296356,0,132.51234495987325,144.23111003202018,0
38.33148994337246,3,5.771804117798175,1,562.8521855850486,113.04748814996336,0
43.02784620944864,2,7.089408231946616,0,167.3969376931644,125.78327187932895,0
57.63227577657772,4,3.8542674952208147,0,541.857198217514,118.79640196326942,0
97.28474065310719,5,7.468674385343742,1,319.46100680316954,145.6197985854873,0
44.027450082883725,4,5.136048848642289,0,255.32878322293092,132.93394392780655,0
48.900451008848364,9,4.627353882696904,0,627.1563930282314,144.85555492460787,0
49.141218109537064,2,7.933686787493155,0,648.0777731822395,102.70395041882524,0
115.1482520681364,6,7.378607554240857,1,453.54944862016305,141.77815642613717,0
114.66965222434467,2,6.201920518633587,0,752.5073980080242,121.62710122271343,0
85.10134744697193,7,6.456227783615247,0,0.0,152.84028629970487,0
69.6546599793714,8,10.0,0,670.2094209165393,153.8878572444646,0
78.43421439740605,9,6.6505402725586595,0,199.0368302875709,150.003040421306,0
97.26830070376997,6,6.637811149100338,0,342.2849139952443,156.95589900779038,0
36.604153289940214,8,8.17414950247854,1,489.6377983376779,154.58481191133777,0
89.39572611955259,3,7.156982207083038,0,226.590845838769,130.68837177547377,0
28.652983306274688,9,8.777371209563633,0,389.3394898110918,113.98507109983146,0
44.056212438664744,3,7.499407843387857,0,293.3141575520392,152.86084798168292,0
82.67762989500753,4,8.369960456569087,0,343.0777114483162,145.79338480179254,0
24.282982494350776,7,7.7979947433726995,0,926.1248219035493,99.01621185778055,0
56.49828199528335,5,8.161546776682554,1,0.0,109.14032695296319,0
38.456127603507866,9,6.92322465427688,0,346.32173496900685,116.70655281801373,0
53.60951573673508,4,7.400549999084387,0,498.2069001518655,138.57951928584413,0
10.0,4,6.512136112238938,1,117.0864521716897,114.8069006934454,0
15.711672387253827,2,8.087505113295412,0,357.9375734140581,151.7914746470671,0
42.50306913505207,6,4.577130367782377,1,475.7192287183609,130.82208434410086,0
83.18656079396456,8,8.307045321798501,1,489.796307362585,167.83206813028974,0
55.6591079302446,2,8.796445630399976,0,605.7522971279955,147.68072054627345,0
60.071147897420275,4,8.335171200246496,0,674.2251517886349,137.65151267490856,0
77.20556777755712,3,6.812624104870093,0,317.3575613855072,147.59327631040637,0
38.0115914247737,9,7.909412579992535,0,421.8919797258094,123.20183156655816,0
67.09068309518227,9,5.602158397701235,0,45.169652652706986,166.0280241380997,0
39.86583704835961,2,8.506783985021874,0,386.8739445006305,158.9077775857045,0
16.808262646984822,8,5.021412476934936,0,37.23179299982627,144.43821364615394,0
50.227505156122476,2,8.068716018249154,0,402.7184415763788,174.79819781619048,0
74.34514656012644,5,7.958783310304099,0,605.8556242159268,113.62408095171787,0
68.46472627499503,6,7.732110105274652,0,503.3056610918685,154.57073889031938,0
59.704237638029504,8,6.195249440354932,0,422.80394631045345,161.67443438993098,0
119.80913164844316,5,8.368299219341578,1,601.7531459492835,148.94006413591444,0
70.32280400771947,8,3.692923247385446,1,667.7999680156111,137.19961471175577,0
84.46840014843366,5,8.398999262262326,0,192.84652898372943,102.92176564014896,0
115.95358346244882,8,7.344588237159246,1,696.5286177598892,159.533619094744,0
27.64786692096878,9,8.891725610575337,0,210.89446460431637,132.3203994210335,0
34.03029474487616,2,7.360088172849784,0,288.618569720281,138.71532285861477,0
103.59280562807326,5,10.0,0,581.43764709186,157.75530773831403,0
40.04843161897344,2,5.304725199793337,0,444.39861486455595,157.80308606257532,0
60.74208075758325,4,8.096933173302823,0,394.2111207582484,119.19731127763194,0
86.73289923560871,5,5.405191919519702,0,443.1827198399938,122.22456587644837,0
82.26765978232928,8,6.772504875182395,0,728.3358407790286,127.26038943322611,0
103.87215454952774,3,8.336270657756815,0,417.00423634338597,152.4018229061549,0
97.39110342583673,5,8.125774587178903,0,586.3680245142593,159.43119499948995,0
86.73481674264342,2,10.0,0,580.0176740110574,149.04313763741584,0
40.68228214382022,7,6.367467879945701,0,921.9246911144992,132.06943014375472,0
79.87156669483045,2,9.314802419463128,0,745.828950774821,137.4129699216863,0
67.85679986267168,2,6.542259663165654,0,576.1212522835219,164.95279585766968,0
26.843363501488604,2,5.738379841087542,0,579.8852376795962,119.77193580323248,0
95.43247616192131,4,4.078683589449357,0,442.233538475692,154.0367921580562,0
80.18091336446416,8,7.292807126623871,0,359.4390594518197,138.07271416612676,0
61.13725201577743,4,6.061649909890969,0,396.8827140733293,148.81363396633785,0
54.172698475389666,4,8.525531265692027,0,406.1000264354528,140.4508767027741,0
30.042471382480326,4,6.048878641118022,1,287.69404597415723,158.56725572873592,0
64.98810183896582,2,6.142117196352499,0,296.5916890919323,149.5525759217531,0
71.7109779861411,7,7.63837949757569,0,384.1260592917316,141.2681791640559,0
39.22112539391802,3,10.0,0,318.93499374708426,180.7662973342068,0
89.05510122748824,7,5.040430214314933,0,351.5960548245315,162.51533685867744,0
32.569923837924144,3,8.831703048517593,0,358.3182227897518,144.88837357356894,0
10.0,4,8.573389539631664,0,626.4632485492111,153.95886943597333,0
85.99317727231751,5,6.602297253336819,1,598.085792330743,142.1086615329644,0
49.91584904744731,3,8.215749313033012,0,656.1595743527165,127.55758596074762,0
56.84926036717462,9,6.488302432610541,0,711.2662014878088,108.98301844085084,0
39.06208192937367,5,10.0,0,219.88268848136823,177.16392758240323,0
19.85093098206493,5,6.798228474840859,0,407.217813542803,132.09258990350358,0
91.38093436810546,5,7.144745368394796,0,475.3345742197735,150.6036446144195,0
42.77827540382696,3,6.413575103528515,1,510.5589199636397,162.76632917037125,0
101.5238122036985,7,3.9517827144792297,0,528.1806761781272,132.09703786362718,0
80.18270465526822,6,6.526323916219259,0,755.0562850207128,134.99947093300096,0
52.131046332063505,9,7.417666548770033,0,262.76720597703724,149.34475903223037,0
32.85243997182833,3,9.701660718982115,1,457.6956317079027,149.50632868829635,0
41.68845033198858,6,7.885522830033819,0,95.77122507788636,140.59793543066993,0
29.68692172262076,6,6.659112062081145,1,504.2545352351359,120.99572607523126,0
112.17783398970464,2,7.107897746945712,0,1.9059513461171491,163.20365021386885,0
64.11103075574562,7,7.589212659534937,0,490.1244653297958,153.7292420553123,0
88.75513856366581,8,6.317861094557919,0,710.2097132425649,143.27448772625328,0
28.316198774744315,9,8.228026630245152,0,555.4665252301022,154.48612386489967,0
64.52587823992509,5,9.925158684556026,0,134.05032767700845,81.61019524913863,0
89.44654847021445,7,6.346332270708034,1,206.28663763761165,141.14214411219035,0
51.62473095167461,5,9.17355447853065,1,554.2566010145605,132.38886695016566,0
85.77786147304356,9,8.577387347616378,0,371.9067406389386,104.71618041889644,0
32.88580219985584,8,7.967040749896956,0,0.0,149.80714812810146,0
25.913211384535394,7,7.201466113402357,0,754.2369021764159,122.28777213543685,0
69.48501530195341,7,7.608010967768879,0,446.4045143960829,165.49156178367693,0
50.520589135686194,4,6.6086922870307445,0,42.61360815185367,137.44816162913762,0
76.05136723179578,2,10.0,0,458.6011794161626,151.99839434371955,0
10.552801711988778,6,5.706874319640166,1,953.6242753230567,129.58452271770554,0
77.80661588676296,6,9.042900449714683,0,363.3629477161653,154.80374653291483,0
124.95759818173286,8,9.789499098278107,1,359.61032187549705,165.5097842935198,0
59.384350464212986,5,6.41835820091914,0,239.57586320249294,111.66707203640708,0
60.85355322274604,9,9.098524526725795,0,561.7545909212347,151.12445363193467,0
64.48873711596698,3,7.259166423215819,1,462.83931954086694,110.34152132243895,0
13.450607230205321,7,7.112247619543906,0,602.960726972882,137.93733703187448,0
70.65366599225774,8,6.865785352894982,0,218.56201933982905,144.67228219237552,1
19.864756399600886,5,4.095284019023643,0,582.2268924549578,120.34093354929108,0
49.30801004690489,6,7.986263124853069,0,105.4986082912057,134.04286236302198,0
91.07173874009342,7,9.598393175833143,0,524.1173501796616,166.94273093468752,0
41.61957609749809,8,5.7315032392757095,0,202.02996534525457,156.11601361875404,0
72.531224739185,5,8.52520958454227,0,409.59868591683255,158.61907251099862,0
85.31847634890926,8,6.846630293871301,1,10.336663557979307,169.34656442717971,0
66.9685214024,3,5.0331593050406545,0,424.48381950429945,134.31861639582596,0
25.726288247634805,8,8.79620193829561,0,395.0556965115767,158.031263806746,0
51.68811811621465,5,10.0,0,17.884211575513746,129.1540264288414,0
108.98528355970714,8,5.570345754034702,0,832.8014258877515,162.46817697450396,0
10.0,6,7.388443051959173,0,555.5870833064729,119.68963829329826,0
53.10534965334561,4,4.408475726177168,0,127.58324248276932,125.05585204059543,0
46.19729821279731,9,6.9243868265717765,0,148.12182815752755,171.46535671413704,0
63.01868407742847,6,7.874919525117874,0,337.7496201896796,150.9604824274076,0
78.70539042968076,5,10.0,0,258.099847028957,145.92604643911295,0
100.21727420055134,4,9.803632689027024,0,376.77408866587336,136.75451396757015,0
53.24419019977105,6,9.956497014813797,0,0.0,133.14257406496475,0
80.3085332494205,3,6.051234504630323,0,823.0875750486217,138.65621792987056,0
72.49350362162932,3,6.558702876701772,0,220.64525932440625,138.40703345820552,0
71.858682446795,6,4.004250235140514,0,703.0217507377627,152.2797164508769,0
45.90190171183819,9,5.712720084845838,0,357.99426579474664,170.62413407057898,1
35.06696328060248,3,4.386707436678806,0,1011.9532217851396,124.88069956122511,0
32.49892218448257,4,7.657966413947035,0,614.7364216503869,143.2291033852292,0
41.08906976502192,2,5.745417991375762,1,665.6019538304929,154.60521324179498,0
68.04216439665566,9,5.017439914333049,1,698.936646974619,135.02752796669301,1
79.02373482820823,9,6.360254015378775,0,420.87406403945175,154.80909082270614,1
68.08672119642237,6,4.867221479327002,1,437.6785276939081,115.21227663859902,0
46.27612259510648,5,7.5562302756177395,0,368.63756130609124,181.42000882252012,0
105.14925274831188,7,7.512005489242186,0,490.38640951943523,146.10306642891712,0
97.9716405907885,6,6.431717337896068,0,418.94300158108933,139.20229991357007,0
51.149997181245666,7,5.684784135255833,0,490.5256162671281,127.16148522315491,0
39.41421485035835,9,4.589005525277979,0,201.58367853308877,135.2280730931461,0
63.25537385394924,6,7.9996418894464725,0,295.85153376157655,153.33077577558763,0
91.68246612635882,3,7.4116973318837855,0,538.5915251991557,183.02135100831674,0
68.31912443135293,3,7.835767835420398,0,405.2482375739717,116.62670214438172,0
73.91371762275111,5,6.448416314285235,0,521.1614066849597,138.2408651024342,0
54.69799694310936,4,6.607737689953476,0,567.7427346471108,119.79749139670743,0
71.40677238005577,9,9.595598467797345,0,621.9978505319415,118.2118553639011,0
98.61361128640345,4,5.918947242101913,0,523.4872526164133,141.61775169465233,0
54.00828046305723,6,6.437240759395448,0,341.93219934027337,130.9846352612486,0
63.58269331269681,3,8.339005749157268,0,183.6931951979783,146.01600424818284,0
66.34541191374069,4,7.545240333800134,0,689.464307549276,152.49336889301838,0
67.09313389427594,2,3.316080027280302,0,226.83119540544484,117.48715032719913,0
24.702778098219312,3,3.961803885942998,0,400.02915851531714,130.43819666575297,0
13.078283603152634,4,5.81050372010183,0,804.429666928831,135.02427239067396,0
34.508623226954015,3,8.63853939600166,0,201.7543654698313,100.95289932309072,0
64.19855738504171,4,8.20901153982883,0,331.88427726412186,135.36227510700817,0
73.84640415008028,3,7.935142049349974,0,429.62327824793704,117.04832396940895,0
46.7331360056594,6,8.129939373404483,0,0.0,136.00460918704985,0
94.43143707168267,8,5.2558994416794595,0,132.7560940316049,139.16297995654915,0
56.420600641845326,7,8.081884767850998,0,712.8412126316595,106.22401836622073,0
60.50789995586562,4,5.341689345899423,0,513.024077755024,119.95608973617047,0
55.15090323618344,4,8.70513856318979,0,606.380567214957,147.10321258784185,0
63.35066981866663,9,6.080982758414668,0,463.9520870796842,156.0162503433862,0
77.61185185109008,3,7.506926940592024,0,0.0,174.12327469891858,0
76.64133594780827,6,3.6259028733057694,1,145.36297927891542,146.31422335472024,0
37.53942648476024,8,4.571999958030307,0,0.0,128.18435020923877,0
98.09159441196319,7,8.963219388197642,0,560.4304001759273,123.44525081286723,0
32.62433856432706,6,8.245138966336437,1,1077.5648962182117,117.05036806220397,0
61.98067535226531,5,4.8077138080225605,0,8.156328572028883,158.49439155222757,0
53.140085661941185,5,9.3140651003452,0,667.784676487341,115.50881486822914,0
33.775208067037816,7,5.036588028127344,0,672.3689322789219,126.02473889202285,0
58.12198530065421,7,7.0359299870277985,0,446.68241423142985,137.69912780677816,0
41.47965566769004,8,6.135818880640926,0,57.37208282591047,162.95516876329359,0
61.82268108190131,7,5.337852646081982,1,183.328409778507,150.98943838473488,0
70.07714903048418,9,9.10229301076944,0,0.0,137.53215594384645,0
96.7982342243318,7,10.0,0,368.60929217700414,151.39804823591552,0
67.68460546568537,2,7.320893590775783,1,454.379391502955,174.61483801347163,0
44.71936649237938,5,9.746798050352803,0,605.5121343337197,133.94800636558384,0
50.20950473200996,4,6.493812904259087,0,348.9542809058085,160.57960714922928,0
63.49945265286409,3,7.194955477088238,0,188.05374138888303,151.07527293480334,0
62.33652073655378,8,7.236680661510313,0,227.47094471685006,162.42546189156408,0
96.48973170571051,2,4.917924000477301,0,367.0929458572826,142.64178746341054,0
94.88382324392387,5,7.899022406432556,0,475.3474928574433,127.5897377525552,0
51.02660184394347,5,8.277447652292265,0,747.7425413049186,121.19717263672617,0
46.283946795345045,2,6.687747457645612,1,911.6218216956058,136.4996764676862,0
10.0,7,3.9548478973968826,0,398.0136273631087,121.79254187094296,0
46.2769896669445,8,7.661869889867939,0,130.53871118246894,114.20691083622206,0
35.54855734789291,7,4.272975674529491,0,707.1059065061556,182.1656656388309,0
51.12938854762953,8,5.5397142994556114,0,1039.2424255785709,123.2747100277925,0
69.78960605875278,8,7.236558326410567,0,211.5625486082739,131.27276029744186,0
64.4298082299747,9,5.614607564217243,0,275.63628145952435,142.34975575281146,0
59.25079982381144,9,7.4566179709813145,0,369.91479829372366,172.4570179074082,0
64.98955277721284,5,6.5928215411863365,1,405.54644378554605,151.98145184311173,0
56.847055669225206,5,4.065106280666102,1,230.896202153773,165.0721780431664,0
64.9254733135869,9,7.302348809941318,0,53.324330443186966,143.0888381703464,0
10.0,5,8.055843424515773,1,553.0842702055519,140.57904781592345,0
53.26766275623115,2,8.822320437061386,0,366.2058887943571,143.8259235322951,0
57.228731973674826,7,6.340177465419498,0,682.270929685189,162.12121721929557,0
51.46845709483536,4,6.889329378276629,0,536.0824542351122,123.94603239908548,0
54.551343447426454,2,4.308804395188359,0,655.0291714958736,129.37997457604428,0
77.58275294516825,2,10.0,1,415.74993657317833,156.77358736610958,0
45.04736671647936,5,9.709014740829431,0,575.3571914870466,165.20913414383838,0
115.01755248042821,4,6.942698768295608,0,218.16146998895934,113.84715609677474,0
77.20742325555221,3,6.775284809239081,0,525.637590256729,131.273978296636,0
59.8423187271532,7,3.0,0,652.8524556877246,148.9559685062937,0
54.833442420060834,7,8.863472613242948,0,732.0046600207723,150.88768223967674,0
57.83694284044662,7,8.013150126083119,0,326.59734982615316,161.40610245024268,0
37.117323251400535,6,8.463061366894362,0,550.0886878279008,166.0820951825704,0
57.619936518549764,3,6.2705533204610315,0,726.6831054723689,132.5669844240363,0
66.96708791817636,5,6.1550281148859405,0,11.094270900549475,160.0064096311248,0
74.48854038933074,3,4.776246437523399,0,310.89411971537,124.36698021808564,0
74.49224447860834,8,8.400417514333,0,546.273087475006,159.07509314184614,0
53.12806133585163,4,9.253876981657235,0,329.37994224098776,136.82007514731924,0
24.597943686951744,4,9.022989178173484,0,236.58373905583144,148.07177126424855,0
43.27243434416386,5,7.337063636815035,0,510.6849269005529,154.17477986060553,0
100.3048260703097,4,6.412026936098451,0,283.8932639060131,155.96124081482043,0
82.40145783524869,5,5.106453237941013,1,420.24151891094647,146.80542345730942,0
69.24048965760436,9,5.736849064664462,0,14.722996775776664,145.92452993240764,0
40.9676438809969,5,7.84159085254304,1,285.23890286255903,117.37075904820288,0
60.09112887434445,2,6.487803924278428,0,472.87211534726976,148.14811453144185,0
28.608282858437953,7,9.954527532523935,0,377.77068314786374,128.38880065809084,0
46.20157810759816,3,9.07424085548379,0,391.65049911155114,131.16418396441946,0
53.869916457870126,2,5.916743562190918,0,482.232324881412,147.3555543781087,0
50.95900170336968,5,4.811808284196994,0,676.4556272466502,168.60849235845527,0
83.9150482764003,6,6.012846983011898,0,341.89749986148917,157.81799417748147,0
24.53185214911369,6,8.917689303585691,1,397.1723353301131,138.73302667364263,0
38.36419321212115,5,6.056939665380906,0,421.5379285868753,136.61826201727666,0
25.632800724444515,6,7.982778373299701,1,283.36067084310264,127.14933681764728,0
29.06616968280365,3,5.981415785391089,0,206.34219693832875,141.00641964806383,0
63.101397411166225,2,7.6176954826421985,0,613.8980963082427,98.2097494312109,0
19.98898667359321,3,7.9506555520353634,0,112.23680718622529,137.78225126971597,0
78.84671947094091,8,8.774499842052183,0,551.3974592858328,128.4076100017649,0
53.829605576473114,4,9.57983223504355,0,350.2476826747835,136.9820150766781,0
61.71970831314944,2,9.358412082654283,0,317.7254558866666,112.80650575573732,0
68.06441844993009,7,6.045691283489013,1,483.83928637053964,132.5349941184477,0
49.14583699371022,8,6.7353662749407235,0,521.6129346920877,166.92352719783926,0
85.81199289383444,8,4.887654828624974,0,143.20446739187713,143.43653693570852,0
55.14143183180912,2,6.57576648243796,0,393.75656088200765,119.86897668991058,0
74.85175638097675,3,7.043770860756265,0,291.974006045082,131.80487454465694,0
55.022190431068694,2,6.272872117127024,0,217.24778699707255,142.34987822137498,0
67.27185968562308,7,6.093547776790889,0,0.0,98.85478174319661,0
66.99156675394903,5,8.85774431995443,0,614.8618922837039,182.48374527485342,0
66.24924848638828,7,8.633469301163348,1,624.71850265953,144.66664962221498,0
35.64230375947702,3,7.7184196861336805,1,110.80129892392694,144.62460880908014,0
70.896894263686,7,4.700480913586686,0,375.37917745243396,154.05418930168514,0
52.026075272510106,6,7.361675619100421,0,95.9236116416177,150.11016885441046,0
75.76220076224794,8,6.308383172307993,0,312.84572698194387,165.88136871185554,0
10.0,3,9.368309429434763,1,242.1914235724154,170.61579625695856,0
23.37209444862623,7,3.7558766559879513,1,739.2024986527202,125.31153321782932,0
69.08613905337572,7,5.994117355660636,0,58.88016807611058,105.05324372481519,0
106.57318962763071,9,5.94402944514358,1,0.0,109.47175263028646,0
80.87646867028091,6,6.1601667424721755,0,313.1357468840035,179.6445134218834,0
42.938726645000486,3,8.723641747294849,1,328.26290349244414,120.61106763198222,0
17.698689615551103,5,3.0,0,891.9961597150041,167.09202748798347,0
78.56715552904046,4,6.625506082786215,0,210.7436754040676,120.80053153076851,0
57.98541944892623,9,8.531297213411436,0,769.4581305398958,163.34410911359498,0
74.76760544735963,5,8.764211510815048,1,526.8115234693827,163.1608140058109,0
62.882468055269776,5,6.011659851027881,0,813.8226241065115,144.20605867633293,0
60.74107312801238,7,5.776399331184243,1,470.04830522707186,128.53351552933185,0
133.9656361473294,8,7.6231844322508735,1,0.0,160.70565611557964,0
59.84675097386052,4,7.271866042451296,1,168.927034789275,130.05521081264234,0
56.01886976866838,9,7.124925607049063,0,537.0988211250418,168.11308382860523,0
56.96378311489945,6,3.0,0,179.26313062363937,129.46954617063003,0
45.41158208230858,5,4.971090031174359,0,998.3925427224718,164.96730248265746,0
84.75332236788282,4,5.446198486872687,0,0.0,127.53679533705801,0
51.15614165546627,7,8.157417751526264,0,243.29003515252543,126.64128402718936,0
75.89856764111474,4,4.406632531595671,1,518.1778449527102,152.6786294130275,0
67.11507574533891,3,5.11607039045119,0,405.53282533094347,140.35510973649315,0
90.47464655331066,8,6.722108789321677,1,282.53383617317485,151.5441362916012,0
70.50448992470903,7,4.682328681796266,0,762.5016020136118,190.21076134310255,0
29.66538047630882,2,8.157137029325739,0,419.3676715345992,123.4088466947707,0
26.837805373651484,3,6.295473376344508,0,669.6301784460236,133.7111785003507,0
95.20922865192253,9,10.0,0,295.486220263956,142.4680524945205,0
44.78222991838896,2,5.866506309294001,0,660.7864825520742,121.06126410832582,0
26.984935505258697,7,5.962690234300185,1,458.584702806385,110.23092529482099,0
43.25953500325604,5,8.447988920684756,0,0.0,123.44370342763155,0
91.61563217420019,8,5.820393532000336,1,97.24246102599074,153.31996618651664,0
24.494675026287197,3,9.720822976795912,0,682.4605166237507,127.25915296510239,0
38.33761990600976,5,7.869246896090064,1,400.7179793184561,127.39733387732669,0
43.32981228008701,4,6.453016109001137,0,686.4329291617587,148.7432799731297,0
28.72025316317012,7,6.71056360526126,0,582.1241985717129,121.84399067918574,0
30.391816537208406,7,10.0,0,120.4790543009197,156.52719000148673,0
22.047300618408535,3,7.879577846196312,1,102.57640918696336,174.75776418937585,0
48.470314671581946,9,7.270858628694573,0,374.5409997693121,145.13049884594201,0
51.127279206497874,6,6.7613618406699025,0,442.42286141806295,148.02912782865786,0
42.93654614491736,4,8.866891658824477,0,226.0911226949756,127.21055606792793,0
18.65755402580897,6,4.267012635161318,1,527.7607286491359,145.12063038047413,0
91.33339867139989,6,6.67386155865972,0,346.4359108232347,148.68587133418163,0
26.773029270695986,2,3.0,0,210.8076696398453,117.18474792007041,0
66.95084280057178,6,6.039866273358999,0,463.75901677962645,122.74614480561851,0
33.13083517202812,7,8.526268263239249,0,239.23900065643934,125.46005504931959,0
76.70792166853819,9,9.488015509939391,0,37.315136408442754,143.81392627880513,0
83.89580887917911,3,8.09074642872407,0,793.0503577447688,130.51737027265824,0
38.05966033430862,9,8.151943464695934,0,0.0,143.4809022981286,0
11.907106757571853,5,3.9113773180816636,1,0.0,131.20653051228405,0
77.3946829784902,6,5.77892713948912,1,607.3383734625534,159.75375793135368,0
106.89501366784089,2,9.653929028641821,0,465.86178560054026,136.76461639955343,0
70.39236349731085,6,6.0570519811285655,0,258.1415604709882,121.76649521289423,0
64.01361053699296,5,6.755231676232392,0,885.1957583863597,169.35519757129288,0
80.49401524025473,8,5.549988424556172,0,301.40811921477484,177.24066427282088,0
79.12637114992545,8,5.31924732611756,1,371.8894141510215,153.8859561544622,0
39.275279155974744,3,6.153515392336532,1,403.88929530008215,148.3423578948825,0
43.52121723258381,8,5.810099261331132,0,553.1045081750123,139.5386494188749,0
75.27808875139777,6,8.723503232470314,1,572.6302615070134,148.0049179739712,0
56.399666312992686,9,7.387665276200729,0,740.5894919123753,120.7055883378076,0
92.91513989658881,4,8.83399088759833,0,283.1115736933155,119.26004007154339,0
42.391446321781046,5,4.502972494011231,0,388.5330235138195,150.51491125955775,0
78.76524792171203,6,9.205815666767304,0,325.1003103066606,118.63781114904283,0
68.5659495342307,8,7.0386212032808295,0,67.77791612131,172.76858039917826,0
56.83906090725914,8,10.0,0,317.6912616937054,125.86944823440082,0
89.39776929586517,9,6.905002950950832,0,483.1847597923368,149.85576104384916,0
77.00178832168575,8,4.311876733606743,0,428.6484860131457,117.69851118873824,0
34.8758211654474,7,9.311597130172908,0,757.0195409246962,139.66295223321546,0
76.00546701049618,8,6.754321171377642,1,449.6718395655393,147.52062752571442,0
94.37476578735497,7,3.1261928565995993,0,152.34926504787563,132.28008340343055,0
56.738882775384404,5,7.261350426465468,1,271.11146031724354,128.63937042772736,0
53.78360374037567,5,7.416210626544616,0,195.89766803753207,135.14509750691815,0
43.258821308911884,5,8.937002937991513,0,249.8012628473159,163.49763996407887,0
59.659902858116226,5,3.0,0,377.9048806752296,158.21256173051464,0
77.15501715132275,7,9.067965055200332,0,590.589112646798,159.9105627748063,0
39.55829251053131,8,6.1457258414644595,0,615.98546508018,158.6987975484925,0
26.341060981569,2,10.0,1,171.74791209353955,167.35616225819678,0
50.60625222545184,2,3.907094198486813,0,505.1090819819177,154.61320843356629,0
25.50687553353125,2,7.981610023457294,0,382.92919811519715,98.93270559992844,0
73.08046103206578,5,7.74109389535948,0,312.19398219390496,151.57368638954046,0
49.33275575015497,8,6.240193485530945,0,233.01929448066667,148.11566266812912,0
16.114953886229834,3,5.60714937080438,0,216.0801775476349,136.0161214081441,0
51.28481213153725,4,6.327258950120014,0,267.0426220134153,113.49296681822318,0
55.18462535514774,7,6.375903476987603,0,660.8776446183506,127.7471029367728,0
71.22839033399292,2,4.743811588412159,0,635.1145346409558,134.0023115287844,0
56.365911421144745,8,8.787385906092242,0,607.4502542363597,155.74830566233442,0
106.71816142099522,5,5.034039376422225,1,0.0,152.9598454434828,0
47.03240371152501,2,8.841743760004013,0,710.9014631970957,119.12844493217855,0
58.44003628544234,4,3.7799177825483388,1,475.92998880195637,150.97264341462983,0
57.42723464343324,2,6.681058395654626,0,616.4780553388857,105.44752594807258,0
52.93429038982441,8,6.707848240535565,0,357.1840850158172,132.3205670803431,0
63.5606396253235,9,6.971570130501596,0,446.18805002769454,139.71016057143126,0
73.53078242994182,7,8.721332583422754,1,733.6328352433795,153.4461771142871,0
93.50246758841087,7,6.635775004076031,1,653.3677593238215,135.35884791597317,0
20.768596815138416,5,6.175727061489341,0,168.22121678076098,150.10919362992541,0
47.24142815484698,2,6.641210347250699,0,201.29019549905212,145.31635369682937,0
48.80571436619392,3,8.765812340025548,0,512.2198238115361,148.77569244154284,0
83.44625743404265,5,4.829907493357552,0,449.4748061426658,151.92786079072067,0
51.083423473166405,8,5.162796700348368,0,177.70929855706962,134.91464421445582,0
12.620610173017027,3,3.4779431456380947,1,385.4783934009761,155.86027398803927,0
62.193261596664414,6,10.0,0,229.63199549831097,167.9782586659052,0
59.15776921147652,6,4.912459489091582,0,545.9686761737645,137.12930124907908,0
64.49378914428289,6,3.6062230194308804,1,968.675844675848,99.27649504233094,0
33.99592797551295,4,5.543981550438252,0,173.08328192561217,151.84035925921503,0
102.97586702711259,2,5.897580553506662,0,510.7631672378187,140.3976755598746,0
51.903505405366346,2,9.637820802232724,0,505.2203711832484,148.6762864769793,0
55.29257853765833,5,6.163181393964456,0,349.8356363076936,125.6618445553987,0
37.49978575477098,3,7.525184705276876,0,305.81499835600425,131.67190788828785,0
36.72494990313191,3,3.7765963514945855,0,313.71889392982655,141.02126910898966,0
29.431576006280366,5,7.374370285207011,0,34.03924860282734,136.8545118731866,0
50.167228705471075,9,4.032166759505359,0,0.0,139.01754681974506,0
36.06045403108415,6,6.4355289121008505,1,184.4683479547002,131.12892449793065,0
111.41168353063054,8,5.632232234230721,0,249.09109509649528,137.64956320583462,0
12.787690490329616,3,7.104888694899572,0,586.6220104077402,152.30789378325417,0
31.791736295455156,2,8.141935671049534,0,124.70103963886606,149.67785178163118,0
49.96463928857463,4,4.595387288563375,0,269.0990825514569,117.24817823190506,0
76.83728195245811,3,4.954446829199636,0,668.1277137017321,143.8455126644836,0
49.65607796549844,2,7.348460210700248,0,598.9419192791916,126.87766591351064,0
76.89908482507444,6,8.23711427944449,1,519.5507063456332,146.72437807597876,0
35.329902767741956,9,9.551275351170633,0,676.0945512990537,161.4550427468975,0
61.48227834736767,4,6.150594885365173,0,1063.7368237619671,154.78067821436352,0
103.60102717527084,6,4.315338385160389,0,374.943354343551,128.1502531008737,0
35.80639010751305,2,7.335926295209055,0,552.5704216471256,141.67352058039197,0
70.48919189738487,6,5.569641307801677,0,367.7457431693922,146.90997711032043,0
65.1731879820815,7,5.336043644380334,0,354.22835759897674,148.19670710641802,0
10.0,5,9.534718733857515,0,175.4204054056344,124.59825988268737,0
45.27573633823303,2,8.113690258156822,0,822.9271188819173,149.52670862287115,0
88.27879763264974,6,5.6894598443026005,0,448.26305147647395,145.7465878897608,0
63.376941812117465,5,6.966319236385017,0,783.4922776672479,122.79218710763737,0
29.693275927598407,8,6.845781421382364,0,495.9107973742566,146.5049654389837,0
77.26943182289108,9,7.297172112100824,0,183.59433207227806,131.97070604604016,0
48.021926367141184,5,6.269308695955769,0,404.46689885892533,123.84117824318096,0
69.00126820202092,6,3.579887450253316,0,561.9998747640633,132.79813725295506,0
69.42300286094077,6,5.242569684989932,1,454.53542127665537,122.8905048386529,0
32.03260997136068,5,6.042406146541373,0,0.0,127.07079110694387,0
79.74570086835746,2,7.050601179279203,0,404.2541022813304,166.65427537763549,0
34.812279969120596,9,5.05187014807573,0,303.1112061006526,116.67917385704548,0
27.355353341459,2,7.335312888209346,0,296.5867314775181,154.04905210543058,0
37.92927530694908,7,6.31371136986866,0,57.72240021173195,148.40614727137643,0
51.34774915342014,6,5.632944816598312,0,872.2167802992217,167.41651115087652,0
62.73507891103156,4,4.713502976864033,0,645.8681508347235,176.02352451315113,0
40.685406690689,3,7.803684549504606,0,193.22877723207125,137.38928474079995,0
78.6204828098779,9,7.7636380944813626,0,344.1738015073591,145.69986116764363,0
66.28660460108986,6,8.440397587220165,0,722.959185938483,141.1690830176355,0
42.63004462236243,5,7.988718806134482,0,0.0,120.1491247166835,0
82.22482293987139,4,8.123442018630115,0,794.1095140420375,132.12557251635644,0
89.02670894116208,9,7.687741515388237,0,490.7669917213214,189.83116499727902,0
57.532882579762166,4,3.834862578519174,1,518.782268668857,147.62606933162238,0
54.625423875902726,7,6.497586016996565,0,359.87881717846267,111.9882676943402,0
15.655716168591205,8,4.421711568837583,0,510.2136868655897,151.38868687867088,0
49.81218519021328,3,9.464581735887458,1,889.4918017295234,158.97207127017475,0
52.712332185865876,8,6.974775295528449,1,427.5445481927468,152.75101970148387,0
66.1344851814923,3,9.285560521873345,0,228.3193147203032,113.72372683322675,0
55.78933920923818,4,5.145419874788826,0,269.27646704177374,144.76652618257862,0
66.10067345351237,7,6.834635411393169,0,661.0787397965387,110.63340205596415,0
98.35225723259661,2,7.474073649476007,0,469.5435957735807,135.58479227552016,0
46.752147534158084,7,6.404376137913675,1,459.07103556445395,89.83305219582863,0
47.72569293585383,5,7.338020919549858,1,262.7614938576251,106.86398495698992,0
27.270867142435456,6,9.667894222075088,0,753.2638083421909,145.98331696210985,0
59.78348833146036,4,5.142555838601256,0,432.6407752843296,159.82281077498575,0
84.42032456174026,3,3.0,1,198.28404367613243,137.9153968110498,0
16.223241270190762,3,9.881123450799981,0,0.0,152.30120196474672,0
43.35357582451531,3,5.57500797405059,0,93.86946408428201,173.91493540063146,0
60.898512562597965,4,9.020499453200657,0,501.898365322445,121.74708671169599,0
81.25257208811092,9,8.173443940487484,1,179.81802537589363,151.38019013201236,0
69.57175597567164,8,6.609963763541101,0,0.0,162.54934948806454,0
68.13659070455327,3,7.684620621359839,0,189.785917364208,143.27070767274228,0
54.39218035072748,2,4.947038324145714,0,363.06597941868074,147.26169115329247,0
72.04685642546788,7,7.154614877907021,0,548.0457943079974,148.91502046471857,0
85.35759708833652,2,8.06927236861369,1,0.0,132.0782726741984,0
17.27520558626992,7,5.606201092594251,0,387.2831484594522,162.71614343714737,0
78.21338502087835,5,6.315476025198975,0,625.0089749578001,117.00383864109702,0
57.53100485333217,5,7.56266833555238,0,183.06795638215425,132.73991248045755,0
46.75027839463714,8,9.381892677378316,0,255.76008060453884,142.41140475631818,0
10.0,9,6.994321288229004,0,450.2180561079403,156.93738076253916,0
25.49121690864252,2,6.224812279703856,0,151.92144638542348,120.0863414119136,0
102.45147480618127,4,6.7364516058379875,0,171.34432220011558,156.8110150503451,0
42.78628668841114,5,9.088316704609682,0,370.94992955020706,137.81444856542242,0
32.88078071867295,7,5.84527779550338,0,444.2430773374441,158.20095539714575,0
48.58935109641019,5,6.459581685209443,0,543.7151937095036,178.98497125575673,0
41.371319453535165,4,5.86193059917726,0,404.052185675506,157.07027380881962,0
63.108965815472885,5,6.632230237400963,0,400.6716324599026,146.02739809584492,0
97.92434195616528,6,7.384652084207985,0,462.34677037292414,146.3147692438895,0
45.33460122869466,6,8.860980762738011,0,181.5027390409027,151.58927217224797,0
63.857251263796776,2,3.1757644874609876,0,0.0,150.94010948207094,0
31.319071468994117,6,7.999880048371664,0,174.56675975731173,124.75964322893522,0
98.00416105516331,6,5.395138211679733,0,278.3429932577505,144.45959841033712,0
64.72608606035276,8,8.067526009234564,0,195.3924363558651,150.0600762348548,0
32.9545219177345,9,9.231342980742168,0,115.49272805882651,122.92422316059096,0
82.60765550336606,4,8.792071021599686,0,665.6480846294166,138.05935198104103,0
89.99969121456533,5,7.28432580428607,1,192.2399664998998,114.99756136621326,0
64.03640908519088,2,8.50209808112632,1,308.1452563426234,92.48777499177694,0
19.0150758114806,3,5.301908914496775,0,543.8181487045481,136.403413373579,0
104.62922033791187,7,6.8779058455634745,0,509.8377101500977,134.19144556276524,0
67.75306301566316,3,9.735047974025775,0,217.96195470109654,167.4721075528189,0
89.26135743403634,9,5.579340046402555,1,177.86759359912486,114.29515469279437,0
46.227669872071445,9,7.355084497070937,0,383.2235742665756,150.71434219482992,0
50.034401881652485,8,6.335484329899959,0,226.7898615720174,143.3853678788611,0
62.761327732264135,4,6.64880475361734,0,367.27453364806394,159.2426707975801,0
87.835041950897,9,7.73092815126372,0,184.58759373430823,132.34647112899017,0
63.57475070417903,2,6.514865970615869,0,503.9509933334652,150.89607841134247,0
28.57915468665796,6,6.9938635362313635,0,46.71806273130346,122.21513006968445,0
66.54972991958353,6,6.09175011469757,0,346.6202885309732,148.08697709221497,0
100.73835486276917,7,3.7149490146923276,1,472.8576544066325,142.56953328655115,0
61.645157061570785,8,7.347569430811753,1,473.2050329512276,131.1361975253804,0
63.23463809441206,3,7.791046065972226,0,1004.4580645411314,160.55953716646576,0
28.436406430404507,8,9.48791223556729,0,342.6598202130712,142.43919159985458,0
24.925272806929016,6,6.7626421663533325,0,436.0365948168408,152.65234798112786,0
44.05769652966895,2,4.489524643463136,0,376.7332590518958,168.0764637828986,0
51.83705883453191,6,5.6427852506681635,0,876.3003889239296,163.71773184863292,0
62.601518375257,3,7.9727062216106175,0,651.8384681933328,159.35705514110606,0
64.14892436185441,6,6.847846880860465,0,882.8665865631842,136.3302153978051,0
100.0476912754232,2,7.502723591485776,0,256.14700241816934,146.28915172209003,0
61.46718596124775,7,6.364455750722114,0,441.34740124332944,149.97855995481714,0
86.61056721027269,2,10.0,0,412.81000537364923,155.35718384664017,0
59.01676663387712,6,10.0,1,112.109010649043,150.4235612437235,0
96.22259029064402,7,5.323127874184081,0,485.97822707156854,130.09414219319834,0
13.240063031319977,5,8.636255787599532,0,152.8993367499084,135.6933979119023,0
45.03170583303927,4,7.547312301666617,1,663.4840985167864,136.48978200759453,0
84.57583490648102,2,7.024407145521409,0,347.7264608042214,133.24867292010555,0
55.71009986858211,2,5.452561619180475,0,19.807946254031606,153.84361342612902,0
83.28824033469914,3,9.918755140205768,0,260.0656894212116,107.981913055358,0
69.62665256943177,5,9.097465014098306,0,411.75275151032986,128.98174197902438,0
83.64692459282585,3,4.377219905285556,0,836.5300862523236,134.46106312542355,0
75.32669320072108,9,9.490284354866777,0,616.8884716253779,162.69500506562642,0
76.84122334534376,3,6.930919113365708,0,423.16360526729704,122.3070288383449,0
97.31138467878876,3,5.923976966722889,0,619.032697130107,149.37934755085746,0
84.6618504675235,9,5.242160023760023,0,442.9521498819911,142.135591762917,0
84.84516767841023,5,8.700676561349324,0,177.53697859811174,128.14500099199017,0
60.51046896963941,8,7.719811938583913,0,503.2583341576724,177.36283966300658,0
45.453744754578196,3,5.426536623516897,0,615.0780612367951,152.82912975194438,0
43.51099779319259,6,5.540023981004287,0,1162.6887336807642,131.03360310242806,0
78.77361492974201,2,6.302458413495522,0,474.13790295549825,161.2551704223217,0
10.0,9,6.0774891178473105,1,279.53929828191855,140.74328887728257,0
27.320545292392858,4,7.950004561874728,0,632.6966291318524,118.68030358562963,0
35.918657853030254,7,7.681726587550858,0,572.4616656545162,86.71420201139225,0
53.80946553265957,4,5.855830174851144,0,795.3165668466995,151.73836563376508,0
10.0,5,4.0164830354051375,0,587.5917821013238,147.45779974858658,0
91.4680325647333,5,4.598801319670436,0,0.0,124.17019769450718,0
75.00438090823985,9,8.56609991589481,0,384.79375100388177,113.2568945534641,0
109.61455996146415,4,5.209341147626253,0,722.1436100821861,126.57631717752612,0
86.55536172306955,6,7.200043357967071,0,827.4479396157699,130.71082134582065,0
85.7594832788007,2,3.826316439156224,0,192.16652156048235,148.2800461444121,0
116.26690077577169,6,7.714707704193408,0,345.9939577664194,145.00130035069586,0
45.726047828564255,4,10.0,0,563.7921667921225,132.6027164303448,0
22.41354001876514,7,4.609478984196246,1,297.77240469081863,108.61545636249458,0
54.1910650876815,4,7.989455084406501,0,335.6826110321792,117.81317830396989,0
39.37519865382099,2,7.490431479606296,0,627.542155276179,168.72108799658815,0
53.57886597438882,9,8.652191103077454,0,653.5327383567003,131.99808954277745,0
33.74452524354774,9,6.763767425195808,0,685.5297757050578,162.32917402070993,0
74.19700168634992,2,7.491084895717477,0,526.1947228800085,156.33093878152704,0
72.82457123996811,7,7.327553430669044,0,147.6657316685904,110.20482184241872,0
59.32693523579319,5,8.031117074147367,0,365.70735509686364,153.94027070545872,0
67.789537584572,7,5.489597130957438,0,153.67883461814534,121.21099421455688,0
56.44873182177043,5,7.346407770492089,0,272.9916178058952,123.15953502487145,0
78.80084170668204,6,8.458586075472146,0,543.8063300570481,154.32270078696382,0
61.7410187371339,4,9.1023830645643,0,441.4712718762442,130.31308749417116,0
53.36385937760567,8,7.892312047942615,0,952.5095507255528,112.17209165511895,0
83.23961174856777,7,4.962478238869693,0,465.89342356500396,119.13853603537929,0
91.52053173066903,6,4.203559284063874,0,502.26805760010825,132.73324420849818,0
93.43634564103031,5,7.735526009513098,0,393.1038507464958,152.01444692459827,0
35.24313276701295,3,5.179041244288768,0,592.8205547261938,113.16509524790534,0
46.63881979895756,2,8.51980229095458,0,816.5797003732416,140.62121103291418,0
17.462597631307702,4,6.481988145589984,0,442.42631898401896,169.47129434936238,0
54.035874544909845,8,8.820908698107365,0,781.033361285028,116.13349368245485,0
70.40309536194064,4,10.0,0,375.4423680571201,130.4680435936343,0
56.679970637200626,3,6.887819184655234,0,669.1981414478666,131.30297057625927,0
108.27127167620755,8,6.791199304355847,0,380.33100006697134,122.77984981214084,1
49.85391562221608,7,8.824287308565003,0,374.2235633057819,154.620661803266,0
32.78728611277677,9,8.915029050021445,0,0.0,137.9869225123632,0
74.21260516669689,4,10.0,0,0.0,138.38233692142742,0
63.74834571245401,8,7.353825314769106,0,369.7116483983563,166.54412253728833,0
73.74106489500963,4,5.860839474983815,0,588.37236785455,144.93370677956676,0
67.59469826965474,8,7.013884583057549,1,389.2985195438629,138.67441128590355,0
66.09414401327184,9,5.877467452384425,0,189.0502464297052,138.74430158048258,0
10.0,3,7.431657466171676,0,160.06808042470604,125.89371290603515,0
41.84714931206635,5,5.437168561839449,0,588.2034442497803,161.764559540187,0
45.24187705117839,2,8.623611621372891,0,144.49222100832498,131.8162574292275,0
51.30089155162684,5,8.255482278258294,0,608.8529086959045,140.44461044991567,0
48.79020903847647,3,7.250259947051801,0,574.1129102823376,103.09801948391495,0
70.32046904219227,6,7.046037784160694,0,774.4371466332602,151.5157010239983,0
75.02206271730049,8,6.6464027472739735,0,1015.3236962283501,165.57415606666075,0
31.70897683122119,8,9.36205936633894,0,337.2168921016142,162.43935397719764,0
77.17011016986694,8,9.137351468841304,0,371.42623762686435,121.21171792617054,0
74.64420346667677,2,7.262290338240001,0,761.3742299228747,150.77271175470344,0
71.64425165095541,7,5.458030221209208,1,388.56016289301846,140.9293144464253,0
24.552637799258264,6,4.881673025458698,0,9.533422031577345,128.84287316690782,0
71.01455750722498,4,7.517717283467925,0,208.04516611670124,149.44141856037672,0
62.06488548840675,8,5.851488512650488,1,496.80580902947446,151.98956543778854,0
84.0220018803461,8,7.8566809702770195,0,96.77061378711846,148.0665669575494,0
104.60891988253258,2,6.30394803273443,0,904.6784898970398,148.89888277605607,0
99.70169713985655,6,8.392757846629499,0,725.2302363308092,138.31814778680865,0
62.8161043059982,7,7.373347440061966,0,167.33699174190747,169.7117615572252,0
59.95313270685573,8,8.796495511513157,0,187.17168189021123,124.78992570957678,0
75.79870710023332,6,3.0,0,434.14605617004935,147.12510254798804,0
32.12400116451399,6,6.591309557515241,1,293.9363941431523,115.84234743442141,0
23.73292145987999,9,10.0,0,374.3197397577286,138.15688000000603,0
48.186735199375036,4,3.0,0,570.1603782431142,144.57878310210668,0
90.51422284286319,8,8.516773991113292,0,351.1458004810014,143.13104587748668,0
51.7217925429382,2,7.752406733384095,0,756.8204093181845,152.30084025082652,0
97.56452264523588,5,9.314261897828624,1,616.7109096201634,125.6598720518568,0
10.0,4,6.687534768053869,1,655.5305963689965,125.3518764378313,0
20.319839330309236,8,9.142637990295183,1,111.6228024453867,117.14193859605294,0
56.90778167860752,8,9.190430447449799,0,41.84970634166592,125.00897236460027,0
82.20486353352189,2,7.3542041668625995,0,395.3637044471343,127.63431007895898,0
58.259422531997686,6,4.90477861893493,0,847.7138953440183,124.67084173807494,0
57.60868138766751,3,8.643408161347384,0,703.9402220560822,115.23485727534671,0
56.9564626185727,3,5.247813408486693,0,586.2095477637234,145.82726190475555,0
15.927556639973133,4,6.752722172984056,0,711.6324666256871,134.9901696630371,0
88.95172186099632,5,8.70443483949255,0,122.83948385896957,142.68669485480802,0
42.93088200406572,8,8.965721871683257,0,39.856859629392886,132.85201327554822,0
87.23831643036132,5,6.373673848231044,0,725.0840448031026,178.805238035742,0
58.23691455094126,2,8.128569285472803,0,248.144335528328,104.39599822536816,0
86.70400968322704,3,4.2234340950061515,0,199.6122471741902,129.25997076491737,0
68.58144952443915,6,6.149714377715062,1,552.1987539548886,112.6217144515085,0
57.333137736043945,5,9.644054012662801,0,338.0963441007391,152.6108843774741,0
65.65654117671757,5,9.418098486122997,0,369.52554722229155,128.57435722777936,0
23.175559772210597,3,8.204584905548417,0,485.4289810143158,144.79976517570066,0
60.150733179275875,6,6.7446979255446315,0,443.6829521819591,117.64670467153077,0
102.90100805280328,8,8.525068569963118,0,0.0,140.53058421135188,0
92.70483909971787,2,6.958189254331983,0,282.76427053808385,137.21255643511228,0
35.374410432548196,9,7.302811493488115,0,581.1143531662706,130.14150974387522,0
72.64214628344808,2,7.159089235130998,0,228.34831505415323,194.68181248795253,0
66.19949711868847,7,5.604063449088761,0,319.51671745996896,145.06701984673632,0
80.4297070029352,2,8.306664660374878,0,327.4140099758597,106.18124557834889,0
62.3538221380553,2,5.074094930964804,0,0.0,179.1786400811829,0
54.1624001717475,9,8.396520737541564,0,425.3998273980373,136.89534397275688,0
93.2657694090162,8,5.270915552970545,0,247.24366203431714,119.57305062032721,0
65.40991420680025,8,5.700263711384526,0,546.4383597416214,127.07454425887853,0
91.38660804865785,3,3.0,1,464.89637524429116,156.91867832267758,0
84.35965508361235,7,6.719049786864945,1,201.30749315888283,159.35133875371503,0
51.8878189620273,2,7.340540154872845,0,516.7937999140775,148.58753168515477,0
55.82499314107101,8,8.48873051449624,1,278.62993743987846,126.76007791096102,0
108.24581084997556,3,9.359576817457622,0,228.14015324940755,152.407607609757,0
64.7870581359978,8,4.317615829907021,0,34.6518905522496,144.84485974036915,0
41.034289415999396,5,8.772689476743812,0,509.6921797954389,143.17375365167277,0
29.998918050374414,3,6.164738343519717,0,362.13694913428145,141.4840735624638,0
84.35331088144392,4,6.870291823226263,0,271.13649113003817,135.49920806647333,0
64.00734302740683,8,6.8105169599696405,0,8.561620573749735,142.71763272395896,0
40.19770123677541,4,6.190873592524551,1,674.8497052939033,130.53838996202876,0
76.86462078091563,5,5.398160097610719,1,329.39665793257006,151.87921899877364,0
63.99371737639803,6,7.502590087385178,0,485.12153444421403,144.2563281706468,0
18.488123230926078,7,8.46006108038107,0,476.36278430394475,174.9080262613062,0
74.7171388677703,4,4.732410917032011,1,56.77384420488994,118.51136257670072,0
93.32976757108084,8,6.964974238528019,0,571.8653762493514,162.47354028302806,0
123.99625576581178,3,5.867777941563935,0,336.2682971406944,123.75289721845108,0
60.87256410155011,7,8.972659200073455,0,349.3654512729495,129.6021416669051,0
65.81624145526366,5,7.888443184500423,0,0.0,138.18811507744292,0
100.16492013087012,6,9.71566920596564,1,706.6804683519726,168.10894581972775,0
64.21805667341198,4,4.212222997391557,0,425.72509496357,124.2420102476502,0
66.88354657699807,7,8.86155388065009,0,346.04214684819794,158.80668153217485,0
44.2345402142356,6,7.292797738879432,0,226.34104823400588,157.87919658371058,0
25.14062218217026,2,5.694687790368517,0,385.3934153871478,161.97297949544188,0
82.81719839549638,2,7.8805662884056655,0,559.5892646887215,128.9102205629948,0
28.160744079693902,2,9.818859891089545,0,379.4894275333661,155.01195694223264,0
88.51640607368658,4,9.888305424411248,1,517.8818803622912,140.48123672746104,0
40.29586102780851,6,8.47999276766189,0,126.49606468819121,148.69083285023362,0
66.63084895995748,8,5.215111565522419,0,0.0,132.43464087235708,0
50.69320671604285,7,7.557754216160562,0,205.12018817560747,105.11771272418596,0
89.36500594893351,4,7.616360636943976,1,310.1318901621102,143.61949434911995,0
67.52116005516453,6,9.23562992075853,1,140.33865804751957,154.29528426401237,0
108.97738381267854,3,6.703224677764224,0,381.86909902405677,156.65572314609062,0
32.90805801601046,8,7.028029209428581,0,332.81142352716404,146.65294848709993,0
70.34657703839392,8,5.823684352724038,0,0.0,133.6126102243398,0
61.183547022678326,3,8.20255717714669,0,584.732550906526,126.54471844845214,0
66.99858928142307,4,6.612261119523068,0,343.3289825788959,154.81029964715097,0
99.8980292902612,9,7.33476145976006,0,111.47276540846104,156.35953196486483,0
74.63295075230714,6,6.154809976808993,0,20.101192894041617,139.30007613196162,0
31.311864783069822,3,7.085031304718352,0,969.7868802296825,144.66380078079746,0
73.33777045849573,6,5.0552565910414105,1,277.0822190797292,143.3765848995313,0
49.609515596106235,9,7.289600500285806,0,0.0,131.11729182899728,0
48.16612574823024,3,5.915364596390233,0,35.6623646529772,155.94554341028285,0
86.14643320083422,6,8.258791397970837,0,419.9656245952666,166.36989922127364,0
44.941500424344284,4,10.0,0,215.05517394959938,110.00058027094494,0
50.50674181049661,9,8.522262235818653,0,338.27011770418335,149.48534441267773,0
60.81018136009676,7,4.984139475099491,0,388.880878713545,147.49387071005702,0
83.65464741863471,9,6.353265911382693,0,391.5278058318914,137.08587924815444,0
74.53974507152972,8,4.10254884858856,0,390.1940980183324,122.39054878554649,0
54.13962720205322,4,7.024426111405558,0,355.47881103502664,171.4269297349412,0
53.19558835781517,7,3.8063976111029043,0,803.5476570346273,136.81150945272958,0
30.996758461661784,7,4.837520849731986,1,310.4088688964417,171.37781068272793,0
41.00412278518343,5,8.973262222610233,0,676.6211211059126,155.88911186380662,0
43.64047285448767,3,8.549866338003397,0,451.7923457524276,141.06333933905756,0
56.26772645631386,2,4.263339176860264,0,638.5848076942381,136.91405868317062,0
109.66907592922905,5,6.194607705078852,1,539.7231187931698,143.35573474677173,0
43.11326415533921,2,7.834277058863928,0,684.502447382411,149.54530351988987,0
52.60427330235903,9,7.706487864419248,0,1035.1285655231698,143.2878970588383,0
10.0,3,4.07109904502491,0,379.32339551826004,132.68747097622722,0
75.01427735776268,4,7.468017427894915,0,511.15533449373106,159.7957878792471,0
20.563780154324867,8,5.905865264515778,0,874.100976710087,169.95304760882914,0
37.33526194589107,9,9.157602228902643,0,459.39514022717606,139.616116276963,0
86.05838421102483,2,6.639676409228132,0,0.0,142.83948900618338,0
10.0,4,7.646717446760087,0,287.7522663309161,153.5247625037013,0
62.398010309881,5,6.8035829065340065,0,310.2732081619587,133.90282310375213,0
80.02324116662817,5,8.199600028572721,0,433.2985026720513,102.28571482191612,0
98.13610591100695,8,5.617475042182512,0,238.93953844467518,142.78272896305322,0
36.997672287759656,4,8.202855930422155,0,979.3424414619192,159.40254658863788,0
44.39937874400337,6,9.176133076013276,0,945.9301104820886,116.6695838229291,0
105.11090808506503,3,10.0,1,0.0,101.10625849902502,0
59.37349638546006,6,9.85082129972285,1,168.7922491286925,150.72873682008932,0
41.593401643258204,5,6.034980699369146,0,664.5220349624776,121.91182039124745,0
42.06285406731932,9,8.038869502243445,0,196.41619133922129,114.73331607377312,0
35.68609191081336,3,8.453495027772947,1,297.1103595069321,118.73412798076377,0
49.00819486435018,6,8.062080739628843,0,202.94677761021893,145.93843290725061,0
87.20551191123361,2,8.3562612412982,0,752.1368899210186,163.5057957818888,0
82.1941517143366,6,7.763098504467387,0,381.98927295899654,115.38416054060869,0
30.64324242936639,4,6.018540266017777,0,713.8128682310468,143.79006650178295,0
65.36465186760587,9,7.372798996174772,0,255.37591928859473,145.32417753268456,0
49.94600662318706,2,8.524216062339756,0,599.3725623078266,143.77692079234205,0
79.56101010261105,8,7.830889707815382,0,334.07823084969783,151.34771687580627,0
56.09100681926752,4,5.026563690682041,0,448.12342137384684,139.55794798687182,0
69.28811704499418,2,5.420287101850137,0,292.7857397438789,114.2505463291989,0
56.034869826037514,5,6.263365089864364,0,335.08523445827313,144.2599547808833,0
10.0,3,6.6313356972201385,1,377.179237366083,158.79390589792933,0
61.17506113421611,7,7.283091811126942,1,462.5494896100895,135.30916804524796,0
28.20632626174783,2,5.241229894052386,0,595.8878566573616,125.11832227487427,0
78.67821029192103,5,8.430920501391324,0,161.9115317048588,154.52564168714468,0
43.004302690005304,7,3.656384216314027,0,69.5862285973111,130.37372350782516,0
44.87468359817527,5,7.951663035287016,0,715.2827305411138,135.39261388398458,0
59.77742937469244,3,7.911760169716039,0,910.0791730305463,155.008912899777,0
74.44484885560952,8,8.159377577439876,0,640.4601013732026,150.34071617011062,0
55.75640455502178,9,3.0,0,727.1720651863828,182.69382283064422,0
101.0545693011255,3,4.571304128050946,0,307.0651756116402,132.91680443666334,0
101.2204465371452,2,6.365147168667361,0,553.9938533867426,160.454784887608,0
102.88671480424976,5,7.302907668048748,0,508.4666528971823,124.36167113540216,0
54.142031886030814,9,6.853495476246472,1,443.71220874294556,178.1364673073831,0
22.951038597428635,5,5.535256120052857,0,187.62359900960436,166.22333585481184,0
90.50196285595698,3,9.309479176185231,0,0.0,153.87777739902845,0
49.591367867505596,4,7.583253099260925,0,710.8582734895676,115.91331842922149,0
60.9541578000502,8,6.2894411461182775,1,595.3297070604455,149.77616298445307,0
75.70800257137925,3,5.222371245389869,0,235.3102846277724,127.61032961877059,0
19.889089987183695,4,7.122783921851071,0,488.2965738006304,153.2772688074246,0
100.72803013331244,4,9.265660793382407,0,285.9239847222756,143.10666470784287,0
81.87405822758268,6,7.063323689363138,0,632.6029613902849,136.9532076803528,0
68.80678955178682,4,6.942314620291398,0,532.5651063430698,175.26716869263788,0
82.27291876196728,7,7.119308310360772,0,787.5521692821719,125.1195947228839,0
73.9238134831837,7,7.217108561834661,1,432.5641771755172,130.8076091606303,0
62.920702889226945,3,6.580264165657979,0,379.64156812738065,153.35230337261143,0
52.30564194638599,2,5.248860990517253,0,410.6332177129145,129.67061444367812,0
41.521443141105436,5,9.752225756410862,0,1099.8809866874194,130.33033989901458,0
67.18035702258419,8,8.14748668406753,0,572.3762485030691,156.93083654769094,0
69.03007649429188,3,10.0,0,428.11496055213314,156.66914095749763,0
87.07997006720498,2,7.895600695541573,0,626.3356292271527,175.28296599366405,0
65.01650021797992,4,6.583674501693787,0,341.66108166894276,151.38846033726296,0
38.66996210548598,9,5.297493974505489,0,489.5637629186054,159.69307553198612,0
20.594178815083602,6,6.406007610086143,0,654.3902445922286,140.9336093273286,0
56.810945949751726,3,4.924702686851762,0,0.0,136.06663980041367,0
59.31354058276073,7,10.0,0,69.78044933924548,143.4940838380272,0
57.54771043016001,5,6.9693429229043025,0,89.26126917890508,130.43335695673986,0
21.737177566109395,4,8.41490189457908,1,315.6776496194737,160.99158888793673,0
86.8616285133877,6,8.731543580470959,0,312.7446503109929,125.8379367384579,0
86.81574365584456,6,8.945647238435711,0,514.1287582648088,154.5189821376629,0
39.41787088463772,4,10.0,0,568.0249425774216,177.46931059223937,0
80.14955279055386,3,6.828258586234623,0,768.6042727773681,138.83557519260202,0
83.82077154529141,4,6.672648284445771,0,320.6770704421919,163.29843927463858,0
60.96117691619232,8,7.296064525558247,0,301.9835695160468,146.9632659566049,0
36.287534345148075,4,8.347374751768209,0,281.83249262943764,141.80723821123914,0
100.33453838152559,7,7.321978796770129,0,176.66953517950648,155.41144058138855,0
69.52303584430567,3,6.516067718773462,0,450.1759898842687,152.3850804009684,0
53.72406361969893,2,5.711312688217067,0,95.28669283257614,149.45425666545444,0
79.32113489182271,8,5.60617092893721,1,688.722128418656,140.78573017855945,0
100.55521219625379,4,7.485050830048713,0,466.76465538298925,127.97265731280405,0
47.570996332778364,3,5.2020191501168345,0,604.8706928085967,170.38610967232256,0
77.28556363141972,7,3.734741322583236,0,805.258921476862,145.54931568970713,0
108.5790042681177,4,7.207431153555875,0,0.0,155.51390850735567,0
32.08587914411301,9,9.092733851746148,0,366.708026946166,178.73306218980662,0
46.26866028179843,7,8.19125971114265,0,250.57909958603108,158.38043949270894,0
45.05362298519488,9,6.96780188695241,0,515.8192905984204,121.60841953252049,0
56.0418215737695,8,7.725403298295129,0,610.6348568730398,120.42106362857824,0
54.750656602895134,4,4.035191734669939,0,507.89447787017093,176.63252072604843,0
67.51988598417626,5,5.758647703976612,0,434.17671076517723,110.3182005091304,0
39.49061199663158,5,10.0,0,358.04609757823204,127.26251922525564,0
44.433412777977665,8,9.13141374567272,0,632.0501731834531,152.54166488059295,0
67.53226209956439,9,5.719169192134462,1,407.31105441362473,145.73181433517274,0
63.87279649334276,4,10.0,0,824.4662571709888,113.89683127110388,0
81.85199522900498,5,5.7077963947355865,1,273.01566859786357,142.27193804473123,0
70.233875623141,4,5.518254330751161,0,857.0790414851758,176.50618656014888,0
79.29616588901908,7,9.76465162270128,0,104.6627494814918,124.38673793208531,0
31.4261990114625,8,9.353932096083565,0,468.5020316865762,112.10244410517686,0
50.414592222105426,8,5.940592895314314,0,420.1082962131244,128.43259644541092,0
106.20949877208614,3,6.911640115748837,0,224.46188164580676,142.29250218122957,0
69.80195116379174,4,6.384940033314897,0,61.54509469702225,132.76246701415548,0
78.68482403865792,7,7.907449399188038,0,632.8328923399066,158.55454556166782,0
66.81836842906986,7,9.821305453241006,0,400.244347309967,161.1465112858263,0
70.63339642321964,9,7.957878176253314,0,639.012141620767,164.79420298507,0
54.22739871179566,4,6.794972059139852,0,846.2545625929165,157.29185645266153,0
149.28948045065778,3,4.576659983361264,0,569.2890439070125,135.86032724734042,0
50.096101939757546,2,8.400333637453047,0,640.8510412659222,130.39675035476733,0
59.04196955642121,4,4.798695131891604,0,305.3690957047388,141.0966319190557,0
10.0,4,6.663160476707867,0,757.3896879793472,158.74460001513236,0
87.65666643986805,6,8.724824158898073,0,783.06826898013,124.4690640058755,0
46.193676257876824,3,8.46020582826698,0,542.98070803993,145.91232467561932,0
58.48014734970897,8,8.509683895584589,1,345.6918454626053,158.68814385486033,0
46.79898622795422,2,8.258058223328305,0,413.5794960562298,160.64714701642606,0
56.53292636812886,4,7.262547030490737,0,438.99939652322314,151.48858026532938,0
52.893822539484255,9,7.543878323959188,1,516.9523860903547,120.63621856100235,0
58.92395560548379,4,7.165726476496783,0,398.5999651584596,135.88622263498357,0
58.67996293365383,7,7.868639378000478,0,328.4036548581969,138.52452712798035,0
56.14486721285294,3,7.96342559380884,0,358.3596137828733,106.151299235024,0
55.803069336343015,8,7.239991285951541,0,401.47649498172893,124.02723149995992,0
92.71296130815043,2,7.924865420435306,0,707.1044487432978,165.6820553183037,0
82.03542299398146,2,5.767322148952875,1,168.0515721541038,132.02880326851286,0
82.18605796116474,6,6.447477980052007,0,0.0,113.33682447495998,0
41.6887779722056,3,7.414897409842611,0,21.07353495852675,148.8284742937371,0
91.4205207962091,4,10.0,0,456.9521390650263,161.34275743949368,0
88.2911127298972,9,7.952183519433331,0,470.22762512569585,108.38406308983753,0
46.164891779960875,9,6.757475295885706,0,693.6946358966594,136.78573514971924,0
98.09630042999508,5,6.6035970487577265,0,1021.5212551876809,124.22503079045123,0
42.91935142500526,3,8.33949791574449,0,359.9152965186455,125.45433522492124,0
13.94920403987308,9,6.824929625183423,0,665.6742432283256,122.44917718140988,0
87.53814965382932,9,8.147285773982079,1,255.6707991020031,144.36040198768941,0
57.01203048924811,6,7.920887300967775,1,676.4801291261294,138.38221501596482,0
84.42303911437456,2,4.7570596590399195,1,471.9355988039309,165.02379362864582,1
41.144945931895215,9,7.851013040899015,0,102.055967001608,121.16684322314474,0
28.45574970632394,6,7.838122865219379,0,482.4606567278712,167.1311217843912,0
90.79679471559925,4,8.434002162589847,0,531.517426838429,140.5289847217275,0
24.818285915105818,4,5.493249901902473,0,497.61835217870686,141.95911734312162,0
20.97423721406591,2,8.969398180237631,0,332.0906897556296,125.31899707074736,0
11.860327730891186,2,6.699764515677563,1,769.6898747013302,147.67618433467726,0
10.0,4,10.0,0,686.3393267967776,164.93468149869722,0
34.022390418390245,7,10.0,0,573.5029906624246,124.07966050797535,0
10.0,5,5.905491654918668,0,227.30413776629396,160.30798206355485,0
59.109862884754264,2,4.535406529185382,0,303.1980658310399,127.61862744545282,0
10.0,3,8.2550364002365,0,606.8850676640208,131.75094222330475,0
32.64316452060025,9,5.524055739505703,0,827.9152258036652,144.73526162124406,0
118.30154990524142,6,9.065513541540161,1,659.5093790427638,139.3205156884657,0
68.6281060153018,6,7.9537513796927755,0,356.16895360359575,138.16079962945116,0
61.320141885193166,3,4.38350381593437,0,441.39060071673237,139.745596884128,0
19.481200492003566,9,8.407715639548297,0,710.7632454804425,176.4882019394941,0
53.86005835128072,2,7.247051653409386,1,77.33635127820634,142.8496537421375,0
61.202714078415426,9,7.741800923069435,0,50.898336114015535,120.38818742703504,0
19.870480105323523,5,9.74328387963786,0,664.4426161816693,118.03888908259137,0
63.15451702201547,5,6.766140108288179,0,436.2013485708895,134.73680624144316,0
89.78081142662748,3,8.36443911648963,0,166.83812999410813,174.14339388570716,0
51.29354702901549,9,5.922900393384133,1,354.5953911181631,186.28290540168206,0
55.069090789892876,4,5.967151129095801,0,314.36094779154325,157.12102946388248,0
10.0,2,6.607334475388327,0,527.9598509200033,117.98716323129578,0
25.01915328476033,9,5.8833134756528604,0,370.7571813318887,123.34738215238383,0
86.44237753570539,2,8.022150697009327,1,510.878804606823,118.63426167077323,0
43.46123383548735,4,4.617814721557724,0,798.0051222665643,123.5832760203512,0
36.75720913893959,4,8.493184859774031,0,450.00112682955967,96.89967928225123,0
42.68542210071608,8,5.629248542874999,1,375.5288866251864,150.2050754705804,0
58.56334682497925,4,7.679868214869256,0,273.7876872799888,128.87457310891978,0
31.039602228355207,6,4.862620129350142,0,283.05617609398735,173.53556515700694,0
63.16291264925589,9,7.8599182727651495,1,374.9602051567717,147.41945850805575,0
25.999808071923525,3,8.951213492698507,0,657.0826721175958,153.07873818736732,0
79.35000005189463,5,7.017588111295503,0,598.992881548658,107.51136714169598,1
33.57360556650994,9,9.787628029800352,0,31.94088304269644,130.9753951361961,0
93.00670797330253,6,6.7481667665049265,1,870.0657765132554,118.09523478919046,1
59.74918368106542,5,7.740461953383791,0,264.071188394704,110.42667598869616,0
38.85888929011926,8,5.334159448424308,0,264.80278570877726,150.4489589940334,0
82.7865152395579,2,7.7891756250840185,1,358.3820530380095,141.15464924605948,0
25.63757802242219,7,5.977349273118859,1,915.5158467750981,112.14088825004328,0
46.32335887456476,2,5.703295635538592,0,560.798633428314,163.58371978129537,0
59.998111834734615,2,9.844186494257647,0,458.4146113418182,151.10340223083335,0
56.97082991779478,7,4.713602460687092,0,255.05474034914303,128.46810128481883,0
10.0,6,6.793416777078665,0,445.6193378921752,150.01561228535763,0
36.98383643466585,8,8.283022475341648,1,970.4207149669023,142.88763061616447,0
64.20585856058581,9,7.42132763118921,0,618.5817311908756,128.982819699557,0
27.002711016002245,2,3.674811412767211,0,289.78500530742167,126.8870625726687,0
91.66073246664615,7,8.087036685411007,0,314.57072172405833,152.7269977360446,0
72.37952221964966,5,4.517801874866876,0,551.7319188595355,145.8224211856468,0
47.14399023222323,8,6.202146492437895,0,641.1614980485124,112.96366926828756,0
54.4926883674984,5,6.560363225438219,1,113.25101207243404,153.7592639739655,0
106.53910309579545,8,3.0,0,497.78616107441735,117.32692915014084,0
83.39971127190793,4,6.8093789832947245,0,580.8204607966138,130.31645601343052,0
69.50547862165429,8,8.198579314890251,0,715.2750441631915,155.17089388600445,0
24.612030739143094,2,6.69384803313921,0,98.90407609583872,137.15442805228062,0
100.74028296614895,8,7.332873664121119,1,976.7716325203604,156.10645996731122,0
86.31002672184945,5,10.0,1,298.647495643399,174.4273819071451,0
56.289865311003226,2,9.025792419433056,1,290.4769532445232,126.96910156743954,0
46.257548269780386,3,7.106894471881346,0,275.02580558023294,151.07767738665848,0
55.30240153058068,6,10.0,1,546.9117099134162,155.73845705165846,0
29.951582978325654,8,5.854532156081563,1,168.36460144083145,162.50767463356385,0
48.230361057316486,3,7.935418794509394,0,834.2455561007492,142.42026774704914,0
79.07901285386289,4,4.162076974767572,0,285.11261312331783,123.87076977011783,0
14.8094680689357,3,7.716990409043576,0,431.45549203306524,112.39769651130983,0
52.14814064394314,2,6.79946144305783,0,120.01335758334221,153.28314846945904,0
62.843899321995934,5,7.109427880273731,1,269.52826138011704,158.36384856505526,0
62.58920093308321,6,7.666866510961559,0,0.0,157.84142985698725,0
30.52657614916436,9,7.504007046986144,0,392.8229001119196,151.92117945798842,0
30.446177716823488,4,5.069270964130594,0,374.2143856098856,121.26818517001227,0
87.2291345614596,4,6.309978754130805,0,0.0,157.16927377212792,0
29.386772679592724,6,7.010909285166992,1,353.70831994532045,105.61669480780526,0
85.21627390771091,8,4.427483900136856,0,526.0192053061677,154.01206104092884,0
47.94086712228771,5,8.44462501090593,0,738.641691146009,120.95709444612899,0
86.99490875752339,4,10.0,0,173.0119491292123,119.79913176060737,0
49.47303736487465,5,7.546378362239407,0,0.0,114.46451845357653,0
30.83821698459237,7,6.050116302783788,0,369.31677576114737,106.52512732733786,0
81.41387140983655,4,3.0,0,848.6215042573906,156.44879947290363,0
59.56521944424507,5,4.2623651386385495,0,319.8726216272693,115.63088414523347,0
96.21441463311129,2,7.610611955227742,0,282.1811201560124,145.7377430539664,0
82.30500212844595,4,9.272385766235509,0,671.0181068654251,167.19986972861258,0
54.264334276405094,9,6.603848135750982,0,305.19418106244956,119.54071801717313,0
48.758309958425656,3,4.32296571806881,0,309.4315289204187,151.56427831494182,0
60.584308582181215,7,5.4321545605783825,0,229.73233309928645,119.69812858971333,0
64.75525044647974,4,5.969988254361377,0,428.801945892749,130.03581230549258,0
37.95628683170479,5,3.521414745431322,0,395.6063252549959,122.54860062733174,0
81.04848932561441,7,6.4409807761359605,1,440.65878894541873,126.78872093714425,0
50.065912704740064,6,8.60629616503744,0,425.7153850513175,151.32491684721145,0
49.42430637116719,6,3.9727925517094747,0,10.629820113813821,141.8624926580002,0
46.48279156568743,5,5.992647904958798,0,562.2117363443382,115.02932901257824,0
65.77543168358429,2,3.3562523041642853,0,51.93089094461595,116.6468486832645,0
42.69868495697862,7,5.525531182084611,0,324.8358125771688,164.44248621674936,0
63.37425274975735,9,6.7335207477437455,0,712.853824990935,111.29768809871636,0
129.16507677754677,3,8.83817118251708,0,548.8473891325408,166.64153557507817,0
58.65976349821645,4,7.8202755404474855,0,783.0298623522493,125.7934894005585,0
49.14988154253379,8,4.869794137458307,0,280.06430521484344,140.90692896917008,0
18.307769296302475,4,7.16916635713628,0,261.2324571653367,143.99198771956816,0
61.25554811910173,5,6.398919859594842,0,693.9062101450704,131.3348864185775,0
32.26922641875984,9,6.976833769513816,0,437.61726065195705,150.17969386257738,0
50.61104702571068,9,6.64090931023062,0,919.2522697870484,135.63739726431336,0
63.79018984117858,8,7.564069721948387,0,169.87049121392025,124.22333215817477,0
16.725263754446203,8,7.326002745917389,0,583.3254238750966,125.69827806485989,0
63.936568809961464,4,8.559580267223058,0,559.0210961158807,134.12803531832992,0
67.61287938565111,9,7.209865396005686,0,697.8289103875759,168.6452266417219,0
27.572499508333713,7,10.0,0,555.9820314461042,140.31474585448186,0
50.19227019677281,5,7.934607130990076,0,577.6702937337932,128.9772823779856,0
14.233340945554886,9,9.660958602293194,0,443.9871404016498,117.90037706626681,0
99.38752339606015,5,8.296450041574133,0,646.7998004771605,139.2543220064936,0
68.26408191372111,7,5.7889856749085595,1,284.21324692110943,130.26048437613423,0
55.51028747552244,9,9.237252214748404,0,633.52933178172,100.32954496868533,0
55.914104233595936,5,9.131518831026114,0,871.7502827666298,149.28957189072418,0
88.2860902016442,8,3.0,0,227.54834804276408,153.97364523398858,0
57.64586120198473,8,6.012798378691186,0,579.2293033358577,149.5965302754318,0
68.27041928189382,6,9.596966392583449,0,510.6190298680032,172.98395858585474,0
97.96573900913737,4,8.89789847051576,0,167.12228421215642,147.41273350636237,0
51.345821299945044,6,4.371248483586022,0,428.16647008619276,134.53183277850366,0
32.6841168873317,7,8.54577126742942,0,626.7605655514628,150.0318052386376,0
39.38748563115948,8,10.0,0,593.1875097578702,155.02401962746828,0
95.71659586098247,5,8.092057161469782,0,184.89272938399372,138.4738710133263,0
62.285707712851426,5,4.343458883893788,0,470.65551432293216,144.9274017661676,0
47.44171779325814,8,5.5891323985404116,0,519.9735903519802,138.0753342151123,0
84.34110949497898,8,7.720907874954513,0,631.1902305917429,164.9147002040122,0
84.94893464192901,5,6.612037066248731,1,414.35283628344325,163.1441793770414,0
48.10880580233903,4,9.299792817171005,0,260.8520642030691,136.03526810019056,0
35.70157907286374,8,8.31624772416947,0,680.5864235684655,126.05570873111692,0
20.736784973469746,8,10.0,0,132.11675844353078,138.42664573123258,0
15.152776976844073,6,8.837110441716328,0,241.4349208551734,110.35677412992423,0
53.375338703850076,7,7.994567225140582,0,593.0323788214456,154.07034690879303,0
37.67010132408018,8,6.434198226100702,0,483.24958437034104,156.16071099338913,0
106.46186024515464,4,9.528031173324319,0,437.9674422841977,121.68420245752895,0
61.4634438673756,3,7.00989701855011,0,199.99110022803092,155.44522787472695,0
11.446261418720994,3,5.153379877048876,0,629.1866752608935,136.167857976827,0
95.46823188775156,9,7.0867074822957115,0,544.6156075605259,174.100862658198,0
64.04275773543989,3,6.834659959004523,0,888.6476299336234,182.56145539838346,0
77.62448700932764,9,5.211627658525446,1,575.0894294696063,136.14981696059309,0
77.05086942083526,7,8.490109263061608,1,54.06474710099434,112.7846557433481,0
67.41391418216348,8,6.747229184643257,0,426.3108152645204,163.16104709225482,0
73.08356576086359,7,7.712059521055724,0,377.8346181575461,172.08738247336998,0
65.96901679324263,3,5.594364508780374,0,360.79032642038516,154.20357679395946,0
32.34035235086407,8,6.703591848656937,0,350.2782907920692,140.74236595395942,0
69.16830495356186,8,8.393787092297787,1,441.19182768838925,160.3573316774532,0
85.5976376248135,5,6.555709056436993,0,215.22215537963578,119.65577692081612,0
54.748589683854554,6,6.342385174175188,0,2.5828501319489874,159.88985544637868,0
73.78255545174389,7,10.0,1,502.0935203707524,127.3121326576758,0
70.48972862995154,2,7.569150866022749,0,673.687978719867,136.61556891139446,0
105.39130159797767,2,8.31995175019393,0,515.0809806574566,163.4277640325542,0
53.68124248250599,9,8.343228277697103,0,473.80398607213965,162.84591547895866,0
52.69989593074396,3,7.174534545998603,0,207.87474931775282,137.37064714723064,0
57.07670649633126,6,7.949724329231078,0,615.6156451737818,128.512158260857,0
57.44022312240775,8,5.248578757272579,0,0.0,142.52458563931404,0
10.0,7,9.606775393410754,0,908.9567341345928,124.04298616770724,0
43.934753963335716,8,9.244509570119643,0,261.5214562377406,161.82908864899795,0
67.49712666364434,4,7.342386223969025,0,578.3779286639262,127.94514428899974,0
59.79358713330366,4,7.011440576230693,0,285.59549568585766,121.82701140315636,0
40.01652114507168,3,4.768678473196182,0,426.9625910141798,155.7809697921151,0
43.38051869561548,7,8.852759749041306,0,314.4015632523706,146.4450315736243,0
51.10967179257602,3,6.540933755434528,0,0.0,129.1300290470546,0
39.96070547993949,4,8.097580434926945,0,557.0692560962339,130.3107304371938,0
47.17373473891499,2,4.4067868107415835,0,132.71591963852336,136.11127522609627,0
46.51524701303664,2,8.13661830945239,0,112.57638044051095,123.7360144174232,0
82.38427116517943,9,6.68454810165675,0,278.49656515503455,143.16863235169097,0
85.40978171352691,5,7.021434169392439,1,328.58291358785067,136.37532329346627,0
83.33962735986682,2,4.44793882116531,0,487.9288514274572,110.47610364823484,0
70.66754497938045,4,8.22231573433595,1,272.24909422624125,132.50801885749283,0
42.2919378896613,3,5.89745436618906,0,1070.6969850731712,165.69861263043288,0
83.99576124984327,4,6.915379741923942,0,15.040546376678037,123.27490168939627,0
52.14373533701425,7,8.447525802539372,0,318.48889584470965,129.35321740945318,0
60.57630520648676,4,6.84579606288597,0,521.3879351380413,132.78066526213678,0
93.45551329826472,8,10.0,0,672.0497701419099,138.06107630185636,0
62.09982140329101,5,5.3821544825845695,0,557.240078569695,115.14014926426199,0
66.18210075594047,2,7.432874346676536,0,611.6596957916242,125.87094157186799,0
24.680512850085265,7,7.743981694262815,0,226.70027832658215,136.54450311758492,0
72.17523234417133,2,5.16584899542964,0,548.8124786557341,151.16175333677006,0
35.499833817437974,4,7.157336213710943,0,725.7011354521442,149.07749221416987,0
85.29849140919755,8,6.649212837242243,0,523.1205417435867,144.39645754570975,0
55.38502057067873,5,7.406465966702986,0,998.6702306477023,144.48693245754572,0
10.0,9,7.816566362957095,0,385.1521634662496,122.52276814830425,0
51.04949743591645,4,9.516851497528958,0,317.3904305604082,105.4673222449077,0
54.29913654285207,7,7.5187128926165085,0,0.0,114.55190529402189,0
72.13688065195231,7,7.984724436561646,0,289.9532799035674,146.3752681943503,0
76.76280976617917,6,9.698768740424486,1,528.3253514002686,148.53333834917638,0
51.80589388197029,9,4.148325273656097,0,624.1386809862786,122.37895426102632,0
85.32170487134687,6,6.529845722436234,0,749.2825411081053,170.1110347501767,0
10.0,2,7.068709354374651,0,455.0775552731551,169.50000989339344,0
42.15027504936927,4,4.1999913868879455,0,257.7442140052095,124.4479291812731,0
32.19089322907034,2,7.138024846867434,0,70.37392952584082,141.65959672548993,0
28.645412235376966,8,3.0,0,354.45422050663547,159.36482238481523,0
83.99265928368777,9,8.269967904371395,0,143.31001619767483,166.84285880944012,0
80.72925997562123,6,4.339086215633506,0,350.0183214803237,144.08561806213316,0
40.605749489744454,6,4.747867107681662,0,53.021797748078995,131.29723853540867,0
89.451425098999,4,7.943819835806904,0,311.41200737653276,150.51730626975143,0
62.536672311310454,9,3.9983679743547293,0,242.02430138626514,149.19098974197644,0
49.457897480621185,5,10.0,0,654.8270332445672,171.02176929096768,0
42.676930090689076,2,7.209884978282653,1,107.59755221289561,153.85296832023644,0
40.543206838422684,4,6.825232453770038,0,0.0,148.98783913483496,0
71.81937143623837,6,9.165747133713971,0,596.0935646468758,139.3472699078395,0
76.25387252417505,2,6.856524089641142,0,776.4725460494944,149.67834473442292,0
65.96253030469774,8,7.433136143495206,0,593.3125288696058,101.15127050321763,0
10.0,9,6.719379674697052,0,364.45837666253885,144.78360381150753,0
67.40896640132262,8,6.096729214679822,0,185.33608833661054,151.62515880323647,0
74.13491410097015,7,7.668137509161142,0,347.61054199211344,111.16139211962947,0
43.269859863388774,7,7.94505049742873,1,301.27527399197123,121.06583593108157,0
61.08126357245883,3,4.708351158503709,1,99.77801388206399,106.11598878944731,0
13.402892517481312,8,5.413888645312764,0,403.3045677550904,149.62980580909456,0
29.250773458005675,2,5.81305290550716,0,721.9917318197392,154.7661573545659,0
51.894116293986826,5,6.946741212828826,0,613.6232875604069,114.421286500803,0
52.256221399597344,4,7.622189111468041,0,488.2815538724815,134.52850066884002,0
68.79198429374004,9,10.0,0,385.7198227840025,121.98770088518776,0
30.326865336764747,4,7.495072272217731,1,155.17202264676524,149.92243869426244,0
51.46984838448317,7,6.686181373479583,0,672.5657270411848,122.57424640640546,0
47.75550548966478,5,5.713214605700532,0,40.73698383327411,123.95079430775391,0
73.2002618494802,2,8.773508618276491,0,0.0,147.49583017377435,0
95.52606920920829,9,6.978575551797406,0,384.3718309819418,181.86976313287465,0
103.02300799525187,2,7.615158222673628,0,294.1990246789268,125.3327153836396,0
20.788998829216062,6,6.998777503706529,0,311.37674622340774,127.8028493953157,0
58.799645206238566,2,7.991039216587261,1,581.2821940073118,134.57943562272982,0
32.186767243880865,3,7.861660010245603,0,534.812894187698,150.54266408063341,0
58.381376212844,5,7.672916869131373,0,566.0492114492268,143.37342254606915,0
70.57298199039873,6,7.006899555326517,0,672.6672654941246,128.39152168344756,0
62.0372724675853,4,7.168171825864624,0,82.92203859166472,131.75942833660156,0
58.77470753013848,5,7.6881752061868855,0,837.2680594108685,130.0518639390599,0
97.07597936913254,9,3.5364468671399623,1,186.62965596197705,120.20812899707207,0
78.02473479259771,4,6.938669268126214,1,477.39787505279037,157.97256573406844,0
53.18363846155541,7,8.76542105151512,0,868.4770196807955,133.33340780980782,0
60.605284022382335,5,6.135433879586118,0,807.2162897791666,149.26650082700414,0
81.77244516973498,4,3.237785802244613,1,753.3443133586215,128.83630200634371,0
75.24476265098197,7,4.5069368984967895,0,394.59167128034613,141.9222811480729,0
49.37309740747946,7,7.135355566584605,0,35.368905277197655,159.2652898000244,0
15.618928972410764,4,5.702632777203594,0,132.68215791084668,166.66838196745994,0
30.38356268068276,6,7.241064899894856,0,320.82612154811216,157.3960130038803,0
63.64948062533788,2,6.966768098585941,1,228.9615731509151,123.71602365255407,0
15.336828683024862,8,6.15552261838256,0,220.58393255948087,113.65492309921304,0
56.1901375495893,8,5.353003919877745,0,341.03812327797027,139.512923035841,0
48.66077059531178,2,7.351876518606878,1,240.12369026453268,148.9949033596293,0
84.98132007618008,5,7.124077051782536,0,270.9791123816642,170.84481894446984,0
27.04890441311361,6,6.776998905467279,0,423.1261826059934,138.50203443101333,0
11.705775527475282,2,8.570345986702606,0,152.30537870142,154.3849947336388,0
49.5089814597473,4,7.362401988804687,1,579.5435414807542,145.12393972609104,0
75.86907828983806,5,5.927143235249044,0,636.6181822880407,118.10060843325266,0
86.7479649731838,2,6.354530889867522,1,285.5421544289833,151.65387772950103,0
37.266824586001434,3,6.888524292557433,0,402.4616011255106,137.68593025809255,0
71.75659368990465,2,7.221743391712018,1,779.5914079432475,155.6319591735043,0
32.214238805941136,4,9.405547307360713,0,600.254317939595,115.36191545066133,0
